Number of active threads,Average HTTP Request,HTTP Request
1,,217.5833261572412
2,,366.43814132896506
3,,633.956258967126
4,,834.0049702913901
5,1055.7216703144036,1009.3868625922154
6,,1201.5969256225508
