Number of active threads,Average HTTP Request,HTTP Request
1,,11.943548387096776
2,,11.163316582914574
3,,12.813308687615523
4,,10.985034013605443
5,13.833106519856491,11.495436766623222
6,,14.872417542587893
