Number of active threads,Average HTTP Request,HTTP Request
1,,1.5472503368914283
2,,3.464422458436766
3,,4.748088136534151
4,,6.083987731741689
5,8.421941338604116,8.151453297371987
6,,9.38543976266962
