Number of active threads,Average HTTP Request,HTTP Request
1,,747.25
2,,680.1666666666666
3,,736.45
4,,760.7586206896551
5,743.5978835978834,711.0588235294117
6,,748.9927272727274
