Number of active threads,Average HTTP Request,HTTP Request
1,,212.01764797542702
2,,402.83105130050757
3,,628.6668986260245
4,,776.782001046333
5,1028.4734666235424,1021.0982838868663
6,,1174.5098578395596
