Number of active threads,Average HTTP Request,HTTP Request
1,,11.873015873015868
2,,10.343601895734604
3,,10.46818923327896
4,,12.93759750390015
5,13.663748255297543,11.526809651474535
6,,14.722295143446466
