Elapsed time,Bytes Received per Second,Bytes Sent per Second
19:29:49.0,465.0,0.0
19:29:50.0,736692.0,0.0
19:29:51.0,1835487.0,0.0
19:29:52.0,2541670.0,0.0
19:29:53.0,2679101.0,0.0
19:29:54.0,5788959.0,0.0
19:29:55.0,1264090.0,0.0
19:29:56.0,1.0588738E7,0.0
19:29:57.0,6811167.0,0.0
19:29:58.0,6898240.0,0.0
19:29:59.0,9410162.0,0.0
19:30:00.0,8572729.0,0.0
19:30:01.0,8576824.0,0.0
19:30:02.0,1.2604428E7,0.0
19:30:03.0,1.1642488E7,0.0
19:30:04.0,1.1465115E7,0.0
19:30:05.0,1.1763575E7,0.0
19:30:06.0,1.2082013E7,0.0
19:30:07.0,1.0028754E7,0.0
19:30:08.0,9642019.0,0.0
19:30:09.0,8976192.0,0.0
19:30:10.0,1.2466029E7,0.0
19:30:11.0,1.1689384E7,0.0
19:30:12.0,1.3919626E7,0.0
19:30:13.0,1.1515109E7,0.0
19:30:14.0,1.3559967E7,0.0
19:30:15.0,1.184819E7,0.0
19:30:16.0,1.3586132E7,0.0
19:30:17.0,1.185821E7,0.0
19:30:18.0,1.3576091E7,0.0
19:30:19.0,1.1855399E7,0.0
19:30:20.0,1.3640421E7,0.0
19:30:21.0,1.1794779E7,0.0
19:30:22.0,9215673.0,0.0
19:30:23.0,1.4308572E7,0.0
19:30:24.0,1.2732869E7,0.0
19:30:25.0,1.3671487E7,0.0
19:30:26.0,1.4495178E7,0.0
19:30:27.0,1.188277E7,0.0
19:30:28.0,1.3852835E7,0.0
19:30:29.0,1.4026114E7,0.0
19:30:30.0,1.239444E7,0.0
19:30:31.0,1.5002726E7,0.0
19:30:32.0,1.0435191E7,0.0
19:30:33.0,1.060231E7,0.0
19:30:34.0,1.3839878E7,0.0
19:30:35.0,1.1692051E7,0.0
19:30:36.0,1.3769985E7,0.0
19:30:37.0,1.3559E7,0.0
19:30:38.0,1.2831625E7,0.0
19:30:39.0,1.5008496E7,0.0
19:30:40.0,1.043653E7,0.0
19:30:41.0,1.6376566E7,0.0
19:30:42.0,1.3434065E7,0.0
19:30:43.0,1.4545111E7,0.0
19:30:44.0,1.5189419E7,0.0
19:30:45.0,7599243.0,0.0
19:30:46.0,1.267529E7,0.0
19:30:47.0,1.4782025E7,0.0
19:30:48.0,1.5813787E7,0.0
19:30:49.0,1.0207824E7,0.0
