Number of active threads,Average HTTP Request,HTTP Request
1,,227.8132337157559
2,,403.49106391279736
3,,625.7629245162404
4,,826.9574394065471
5,1020.4322486750242,959.9023014832067
6,,1164.8171099520523
