Number of active threads,Average HTTP Request,HTTP Request
1,,11.916666666666663
2,,10.382075471698109
3,,10.556270096463022
4,,10.947142857142863
5,13.724832214765108,14.759999999999994
6,,14.611192392099474
