Number of active threads,Average HTTP Request,HTTP Request
1,,1.5359627648121799
2,,3.1867819328368885
3,,4.613520858402119
4,,6.229974171127171
5,8.444657146276914,8.165241006595073
6,,9.420574805886092
