Number of active threads,Average HTTP Request,HTTP Request
1,,773.5
2,,747.25
3,,780.6666666666666
4,,752.0714285714286
5,743.7000000000003,710.2058823529412
6,,743.1480144404331
