Number of active threads,Average HTTP Request,HTTP Request
1,,1.543111446779305
2,,3.461300775999723
3,,4.780440293198121
4,,6.039905956419908
5,8.422725873678191,7.9359947988794
6,,9.420288884601124
