Number of active threads,Average HTTP Request,HTTP Request
1,,748.125
2,,680.7500000000001
3,,727.7142857142857
4,,768.2142857142857
5,742.8306878306877,742.8235294117648
6,,743.9563636363639
